{"resourceType":"StructureDefinition","id":"Practitioner","url":"https://healthsamurai.github.io/ig-ae/StructureDefinition/Practitioner","name":"AZPractitionerProfile","title":"AZ Practitioner Profile","status":"active","experimental":false,"date":"2020-09-30","publisher":"AstraZeneca","description":"Defines AZ constraints and extensions on the Practitioner resource","fhirVersion":"4.0.1","kind":"resource","abstract":false,"type":"Practitioner","baseDefinition":"http://hl7.org/fhir/StructureDefinition/Practitioner","derivation":"constraint","differential":{"element":[{"id":"Practitioner.extension","path":"Practitioner.extension","mustSupport":true,"slicing":{"discriminator":[{"type":"value","path":"url"}],"ordered":false,"rules":"open"}},{"id":"Practitioner.extension:consentToContactPractitioner","path":"Practitioner.extension","mustSupport":true,"type":[{"code":"Extension","profile":["https://healthsamurai.github.io/ig-ae/StructureDefinition/Practitioner-consentToContactPractitioner"]}],"sliceName":"consentToContactPractitioner","isModifier":false},{"id":"Practitioner.extension:vendorName","path":"Practitioner.extension","mustSupport":true,"type":[{"code":"Extension","profile":["https://healthsamurai.github.io/ig-ae/StructureDefinition/Practitioner-vendorName"]}],"sliceName":"vendorName","isModifier":false},{"id":"Practitioner.extension:programNumber","path":"Practitioner.extension","mustSupport":true,"type":[{"code":"Extension","profile":["https://healthsamurai.github.io/ig-ae/StructureDefinition/Practitioner-programNumber"]}],"sliceName":"programNumber","isModifier":false},{"id":"Practitioner.extension:relationship","path":"Practitioner.extension","mustSupport":true,"type":[{"code":"Extension","profile":["https://healthsamurai.github.io/ig-ae/StructureDefinition/Practitioner-relationship"]}],"sliceName":"relationship","isModifier":false},{"id":"Practitioner.extension:callbackMedicalAffairs","path":"Practitioner.extension","mustSupport":true,"type":[{"code":"Extension","profile":["https://healthsamurai.github.io/ig-ae/StructureDefinition/Practitioner-callbackMedicalAffairs"]}],"sliceName":"callbackMedicalAffairs","isModifier":false},{"id":"Practitioner.extension:dateDueCustomer","path":"Practitioner.extension","mustSupport":true,"type":[{"code":"Extension","profile":["https://healthsamurai.github.io/ig-ae/StructureDefinition/Practitioner-dateDueCustomer"]}],"sliceName":"dateDueCustomer","isModifier":false},{"id":"Practitioner.extension:callback","path":"Practitioner.extension","mustSupport":true,"type":[{"code":"Extension","profile":["https://healthsamurai.github.io/ig-ae/StructureDefinition/Practitioner-callback"]}],"sliceName":"callback","isModifier":false},{"id":"Practitioner.name","path":"Practitioner.name","mustSupport":true,"type":[{"code":"HumanName","profile":["https://healthsamurai.github.io/ig-ae/StructureDefinition/HumanName"]}]},{"id":"Practitioner.address","path":"Practitioner.address","mustSupport":true,"type":[{"code":"Address","profile":["https://healthsamurai.github.io/ig-ae/StructureDefinition/Address"]}]}]}}